page,model,price,file
1,Miracle Langbo Fancy chain,575-675,Miracle_Langbo_Fancy_chain_575-675.jpg
1,Miracle 3022 PU LB,450,Miracle_3022_PU_LB_450.jpg
1,Panda PU LB,250,Panda_PU_LB_250.jpg
1,Miracle M83,675,Miracle_M83_675.jpg
1,Miracle M01,950,Miracle_M01_950.jpg
1,Repeat LB,250,Repeat_LB_250.jpg
2,Miracle M02,950,Miracle_M02_950.jpg
2,Miracle Bangle,900,Miracle_Bangle_900.jpg
2,Omega Gents 086,1000,Omega_Gents_086_1000.jpg
2,Omega Ladies 086,1000,Omega_Ladies_086_1000.jpg
2,Miracle M083 Ladies,675,Miracle_M083_Ladies_675.jpg
2,Miracle M83 Gents,675,Miracle_M83_Gents_675.jpg
3,Miracle Cut Glass Gents,1000,Miracle_Cut_Glass_Gents_1000.jpg
3,Miracle Cut Glass Ladies,1000,Miracle_Cut_Glass_Ladies_1000.jpg
3,Miracle M080 Gents,900,Miracle_M080_Gents_900.jpg
3,Nurse Watch,275,Nurse_Watch_275.jpg
3,Miracle Open Bangle,800,Miracle_Open_Bangle_800.jpg
3,Miracle Open Bangle,750,Miracle_Open_Bangle_750.jpg
4,Miracle Open Bangle,800,Miracle_Open_Bangle_800_2.jpg
4,Miracle M080 Ladies,900,Miracle_M080_Ladies_900.jpg
4,Miracle M033 Ladies,900,Miracle_M033_Ladies_900.jpg
4,Miracle Colour Square Small,450,Miracle_Colour_Square_Small_450.jpg
4,Rolex Open Bangle,850,Rolex_Open_Bangle_850.jpg
4,Miracle M040,900,Miracle_M040_900.jpg
5,Rado Ra03,900,Rado_Ra03_900.jpg
5,Miracle M037,800,Miracle_M037_800.jpg
5,Miracle Smart LB 123,600,Miracle_Smart_LB_123_600.jpg
5,Mountblanc Cron,1000,Mountblanc_Cron_1000.jpg
5,Miracle M59,900,Miracle_M59_900.jpg
5,Miracle ladies M031,800-900,Miracle_ladies_M031_800-900.jpg
6,Miracle Gents M031,800-900,Miracle_Gents_M031_800-900.jpg
6,Miracle M037,800,Miracle_M037_800_2.jpg
6,Miracle M056 Bangle,900,Miracle_M056_Bangle_900.jpg
6,Rolex Open Bangle,850,Rolex_Open_Bangle_850_2.jpg
6,Miracle PU Sport Lb,675,Miracle_PU_Sport_Lb_675.jpg
6,Miracle Ladies Open Bangle,800,Miracle_Ladies_Open_Bangle_800.jpg
7,Miracle M51,900,Miracle_M51_900.jpg
7,Miracle Apple LB,450,Miracle_Apple_LB_450.jpg
7,Miracle M041 LB,650,Miracle_M041_LB_650.jpg
7,Skemi SK01,600,Skemi_SK01_600.jpg
7,Miracle M60 Open Bangle,800,Miracle_M60_Open_Bangle_800.jpg
7,MK Bangle,500,MK_Bangle_500.jpg
8,MK Bangle,500,MK_Bangle_500_2.jpg
8,MK Bangle,500,MK_Bangle_500_3.jpg
8,MK Bangle,500,MK_Bangle_500_4.jpg
8,MK Bangle,500,MK_Bangle_500_5.jpg
8,MK Bangle,500,MK_Bangle_500_6.jpg
8,Rolex Open Bangle,850,Rolex_Open_Bangle_850_3.jpg
9,Rado Copper DD,675,Rado_Copper_DD_675.jpg
9,Swish Ladies,1000,Swish_Ladies_1000.jpg
9,Miracle M036,900,Miracle_M036_900.jpg
9,Swish Ladies DD,1000,Swish_Ladies_DD_1000.jpg
9,Miracle M052 Ladies,900,Miracle_M052_Ladies_900.jpg
9,Miracle M081 Ladies DD,575-675,Miracle_M081_Ladies_DD_575-675.jpg
10,Miracle M081 Gents DD,575-675,Miracle_M081_Gents_DD_575-675.jpg
10,Miracle M87 Ladies DD,950,Miracle_M87_Ladies_DD_950.jpg
10,R15 Gents,1000,R15_Gents_1000.jpg
10,Miracle M006 Squire,900,Miracle_M006_Squire_900.jpg
10,Swish Gents,1000,Swish_Gents_1000.jpg
10,Swish Gents,1000,Swish_Gents_1000_2.jpg
11,Rolex Heavy Chain,1200,Rolex_Heavy_Chain_1200.jpg
11,Swish Heavy,1000,Swish_Heavy_1000.jpg
11,Swish Heavy,1000,Swish_Heavy_1000_2.jpg
11,Rolex Heavy Chain,1200,Rolex_Heavy_Chain_1200_2.jpg
11,Citizen,1300,Citizen_1300.jpg
11,Binbond DD,900,Binbond_DD_900.jpg
12,R15 Gents,1000,R15_Gents_1000_2.jpg
12,Hublot,1300,Hublot_1300.jpg
12,Binbond,900,Binbond_900.jpg
12,Miracle Square Chain,850,Miracle_Square_Chain_850.jpg
12,Miracle Square F Chain,850,Miracle_Square_F_Chain_850.jpg
12,Crono Chain,1100,Crono_Chain_1100.jpg
13,Rado R70,675,Rado_R70_675.jpg
13,Rolex R86,1000,Rolex_R86_1000.jpg
13,Miracle M55 Bangle,800,Miracle_M55_Bangle_800.jpg
13,Miracle Couper DD,675,Miracle_Couper_DD_675.jpg
13,N.F Fancy Chain,800,N.F_Fancy_Chain_800.jpg
13,Miracle M039,875,Miracle_M039_875.jpg
14,Miracle M032,575,Miracle_M032_575.jpg
14,Orvin Bangle,1000,Orvin_Bangle_1000.jpg
14,Orvin Bangle,1000,Orvin_Bangle_1000_2.jpg
14,Miracle Fancy Chain,875,Miracle_Fancy_Chain_875.jpg
14,Orvin Bangle,1000,Orvin_Bangle_1000_3.jpg
14,NF N02 Ladies,900,NF_N02_Ladies_900.jpg
15,MR Colour LB,500,MR_Colour_LB_500.jpg
15,Orvin Bangle,1000,Orvin_Bangle_1000_4.jpg
15,Orvin Bangle,1000,Orvin_Bangle_1000_5.jpg
15,Orvin Bangle,1000,Orvin_Bangle_1000_6.jpg
15,Orvin Bangle,1000,Orvin_Bangle_1000_7.jpg
15,Orvin Bangle,1000,Orvin_Bangle_1000_8.jpg
16,Orvin Bangle,1000,Orvin_Bangle_1000_9.jpg
16,Lasika Big smart Digital,350,Lasika_Big_smart_Digital_350.jpg
16,Lasika Digital,325,Lasika_Digital_325.jpg
16,Lasika Digital,325,Lasika_Digital_325_2.jpg
16,Lasika Digital,325,Lasika_Digital_325_3.jpg
16,Lasika Digital,325,Lasika_Digital_325_4.jpg
17,Lasika Digital,325,Lasika_Digital_325_5.jpg
17,Lasika Digital,325,Lasika_Digital_325_6.jpg
17,Colour Box Medium,250,Colour_Box_Medium_250.jpg
17,Colour Box Medium,250,Colour_Box_Medium_250_2.jpg
17,Colour Box Medium,250,Colour_Box_Medium_250_3.jpg
17,Lasika Digital,325,Lasika_Digital_325_7.jpg
18,Lasika Digital,325,Lasika_Digital_325_8.jpg
18,Dash Digital,300,Dash_Digital_300.jpg
18,Dash Digital,300,Dash_Digital_300_2.jpg
18,Lasika Digital,325,Lasika_Digital_325_9.jpg
18,Lasika Digital,325,Lasika_Digital_325_10.jpg
18,Loose Digital,160,Loose_Digital_160.jpg
19,Loose Digital,160,Loose_Digital_160_2.jpg
19,ITAI Digital,300,ITAI_Digital_300.jpg
19,ITAI Digital,300,ITAI_Digital_300_2.jpg
19,ITAI Digital,300,ITAI_Digital_300_3.jpg
19,ITAI Digital,300,ITAI_Digital_300_4.jpg
19,ITAI Digital,300,ITAI_Digital_300_5.jpg
20,ITAI Digital,300,ITAI_Digital_300_6.jpg
20,ITAI Digital,300,ITAI_Digital_300_7.jpg
20,ITAI Digital,300,ITAI_Digital_300_8.jpg
20,ITAI Digital,300,ITAI_Digital_300_9.jpg
20,Coach Box Set,600,Coach_Box_Set_600.jpg
20,MK Box Set,600,MK_Box_Set_600.jpg
21,Leather Folding Box,200,Leather_Folding_Box_200.jpg
21,Paper Love box,275,Paper_Love_box_275.jpg
21,Chain Cutter,275,Chain_Cutter_275.jpg
21,Double Stand,70,Double_Stand_70.jpg
21,Single Stand,60,Single_Stand_60.jpg
21,Rotate Stand,800,Rotate_Stand_800.jpg
22,Miracle Box Bag Set,1000,Miracle_Box_Bag_Set_1000.jpg
